{"cameraMode":{"drawMode":0,"name":"Shaded","section":"Shading Mode"},"sceneLighting":true,"audioPlay":false,"sceneViewState":{"m_AlwaysRefresh":false,"showFog":true,"showSkybox":true,"showFlares":true,"showImageEffects":true,"showParticleSystems":true,"showVisualEffectGraphs":true,"m_FxEnabled":true},"in2DMode":false,"pivot":{"x":0.9587603807449341,"y":2.6892008781433107,"z":-6.332787990570068},"rotation":{"x":0.029667317867279054,"y":0.03507489338517189,"z":0.0010415356373414398,"w":-0.9989398121833801},"size":3.119922161102295,"orthographic":false}